X,prediction,probability
15494,0.0,0.2068811930189603
15495,1.0,0.7706617205195483
15496,0.0,0.12539164173649756
15497,0.0,0.06814087525055142
15498,0.0,0.0627001738744844
15499,0.0,0.10357269807300265
15500,0.0,0.15019440255034794
15501,0.0,0.4539813270999254
15502,0.0,0.04911854512965334
15503,0.0,0.034327484047661595
15504,0.0,0.009138709926738497
15505,0.0,0.0063451344831956195
15506,0.0,0.2621954423925913
15507,0.0,0.17631533528269597
15508,0.0,0.06063758457561327
15509,0.0,0.06263386577974432
15510,0.0,0.17723560794936763
15511,0.0,0.01364034814123546
15512,0.0,0.029193989247237196
15513,0.0,0.15417704195425783
15514,0.0,0.07599214498967935
15515,0.0,0.2942419950694234
15516,0.0,0.32978435246984034
15517,0.0,0.15458785466247826
15518,0.0,0.21197695513762724
15519,0.0,0.2608307113460283
15520,0.0,0.015401028746269974
15521,1.0,0.5358705582631342
15522,1.0,0.6030783554177404
15523,0.0,0.0741285124152458
15524,0.0,0.3542534759173061
15525,0.0,0.028669180216487133
15526,0.0,0.039123622162298755
15527,0.0,0.20344762663239027
15528,0.0,0.0476596967169686
15529,0.0,0.12212117771786668
15530,0.0,0.06332521771653192
15531,0.0,0.15078967835551044
15532,0.0,0.48610906805296317
15533,0.0,0.006976322428871684
15534,0.0,0.17280425254647433
15535,0.0,0.039131726771492514
15536,0.0,0.04731389226804768
15537,0.0,0.1298601901595568
15538,0.0,0.020180158744291184
15539,0.0,0.10957259356273771
15540,0.0,0.25864647917554634
15541,0.0,0.06189151885680907
15542,0.0,0.040958672658591044
15543,0.0,0.32371552716889757
15544,0.0,0.4213064534216196
15545,0.0,0.13189794131616
15546,0.0,0.013754832414683532
15547,0.0,0.021362935713979063
15548,0.0,0.1353309224221905
15549,0.0,0.04497289488339694
15550,0.0,0.21941857491769942
15551,0.0,0.05616341538864804
15552,0.0,0.29498868635470177
15553,0.0,0.3742485545229811
15554,0.0,0.1520320527240216
15555,0.0,0.25059622643623414
15556,0.0,0.07228143667563748
15557,0.0,0.31259905778034214
15558,0.0,0.1360379934689288
15559,0.0,0.33187522206839676
15560,0.0,0.04462970157559923
15561,0.0,0.032100347716644426
15562,0.0,0.14970709447845137
15563,0.0,0.027222419930068464
15564,0.0,0.14367568587527418
15565,0.0,0.2901290812609486
15566,0.0,0.016771418280656234
15567,0.0,0.1408370736187593
15568,0.0,0.03904198319799821
15569,0.0,0.10405866442752446
15570,0.0,0.21822192491277798
15571,0.0,0.10439336024886811
15572,0.0,0.33680589082039336
15573,0.0,0.12005375277078238
15574,0.0,0.3280738023742874
15575,0.0,0.12192799457986218
15576,0.0,0.20013436044336125
15577,0.0,0.18470983346392883
15578,1.0,0.5639808492226649
15579,1.0,0.6999164663313051
15580,0.0,0.4180339435889575
15581,0.0,0.13505603493071694
15582,0.0,0.054797585729601986
15583,0.0,0.23194716539926188
15584,0.0,0.007675844163959507
15585,0.0,0.021855815305254964
15586,0.0,0.36868143008051374
15587,1.0,0.6080962951744138
15588,0.0,0.015578843846987142
15589,0.0,0.011162525677399638
15590,0.0,0.014740551745260922
15591,0.0,0.04618624089393874
15592,0.0,0.07933085266397061
15593,0.0,0.27573538141250525
15594,0.0,0.08253405930312549
15595,0.0,0.11086459333989458
15596,0.0,0.058283935050016576
15597,0.0,0.053137409374083976
15598,0.0,0.020533993979607527
15599,0.0,0.0041905525966098225
15600,0.0,0.07559424124814763
15601,0.0,0.20304470754437287
15602,0.0,0.3443084059310825
15603,1.0,0.5361148288611396
15604,0.0,0.3544900055135211
15605,0.0,0.2835035745522779
15606,1.0,0.6555381383841334
15607,0.0,0.42009377019368876
15608,1.0,0.6594635131799789
15609,0.0,0.25938859361428873
15610,0.0,0.04323850943884063
15611,0.0,0.2560766876907216
15612,0.0,0.16519609454871612
15613,0.0,0.09192573846190204
15614,0.0,0.07784193204115888
15615,0.0,0.10573813945021451
15616,0.0,0.34570313124417523
15617,0.0,0.04372338115861639
15618,0.0,0.05525156660929803
15619,0.0,0.1341057374250255
15620,0.0,0.08259497297047705
15621,1.0,0.5817073964811599
15622,0.0,0.02009624256482154
15623,0.0,0.3160183286037028
15624,0.0,0.05416409734897722
15625,0.0,0.3295147847152028
15626,0.0,0.13657099846972265
15627,1.0,0.5881849863444446
15628,0.0,0.3690818919025781
15629,0.0,0.05467842336313942
15630,0.0,0.19723979867817482
15631,0.0,0.02874795337067391
15632,0.0,0.10062297206804208
15633,0.0,0.04011004414723229
15634,0.0,0.3058459331256016
15635,0.0,0.09070631723002479
15636,0.0,0.10065366182131583
15637,0.0,0.04229246477455885
15638,0.0,0.057248791851507795
15639,0.0,0.01707815168965592
15640,0.0,0.03520984189954578
15641,0.0,0.0055011553052933685
15642,0.0,0.215384520030455
15643,0.0,0.05595432755987843
15644,0.0,0.28942662577915834
15645,0.0,0.08042514697592909
15646,0.0,0.21243522159075562
15647,0.0,0.29813071985889394
15648,0.0,0.20793877571079072
15649,0.0,0.10224777180926252
15650,0.0,0.3937543059600606
15651,0.0,0.17165833749997228
15652,0.0,0.06523847068492696
15653,1.0,0.7212334292881051
15654,0.0,0.023829379970580943
15655,0.0,0.3568733597067341
15656,0.0,0.08999186116947785
15657,0.0,0.124696418304337
15658,0.0,0.3140117478933586
15659,0.0,0.01746732519425299
15660,0.0,0.10164219864341165
15661,1.0,0.5391175207912056
15662,0.0,0.0639617454345948
15663,0.0,0.3884448157022882
15664,0.0,0.1633724292309388
15665,0.0,0.15835436843306633
15666,0.0,0.1501618416577219
15667,0.0,0.3723781681235467
15668,0.0,0.038732542847442944
15669,0.0,0.14283751293384042
15670,0.0,0.14113502933197547
15671,0.0,0.017828599198734474
15672,0.0,0.11366719633604008
15673,0.0,0.14364607495192505
15674,0.0,0.13201779684467474
15675,0.0,0.2903208007483761
15676,0.0,0.4949947755175293
15677,0.0,0.36123027628459026
15678,0.0,0.038941285805930176
15679,0.0,0.018592747893315477
15680,0.0,0.4803846485193944
15681,0.0,0.028131096989665934
15682,1.0,0.6057302557780523
15683,1.0,0.597839179268316
15684,0.0,0.07089954080262476
15685,0.0,0.2629246602551562
15686,0.0,0.09193845897990575
15687,0.0,0.020802163879234926
15688,0.0,0.07934085350509246
15689,0.0,0.05237713201057757
15690,0.0,0.10782525588529353
15691,0.0,0.10060877013631361
15692,0.0,0.4880084091108528
15693,0.0,0.0449511219313131
15694,0.0,0.1103353466266471
15695,0.0,0.2532307761965398
15696,0.0,0.03261631516476386
15697,0.0,0.4436151785885912
15698,0.0,0.45435792134038355
15699,0.0,0.09479744950464813
15700,0.0,0.25259636515013395
15701,0.0,0.005920435103354384
15702,0.0,0.038335595692204495
15703,1.0,0.5401947493630608
15704,1.0,0.535414232318161
15705,0.0,0.013768431805161394
15706,0.0,0.0052408027832306515
15707,0.0,0.034843190528911015
15708,0.0,0.4253535189079412
15709,0.0,0.21909348642557136
15710,0.0,0.34028784468833206
15711,0.0,0.09573059536414243
15712,0.0,0.18810377718035953
15713,0.0,0.11011706987564385
15714,0.0,0.39921410240993677
15715,0.0,0.48925754155178663
15716,0.0,0.2959761865994569
15717,0.0,0.347027810737233
15718,0.0,0.18935970665759394
15719,1.0,0.6365019155367814
15720,0.0,0.01594088234187079
15721,0.0,0.08388666728630767
15722,0.0,0.038585156247934974
15723,1.0,0.5497725386360072
15724,0.0,0.008482634728608381
15725,0.0,0.4644083374333633
15726,1.0,0.5126260935519051
15727,0.0,0.10575570423681586
15728,0.0,0.031692864251679616
15729,0.0,0.022301211851037204
15730,0.0,0.05196210811292855
15731,0.0,0.4291719977277889
15732,0.0,0.019022717209864204
15733,0.0,0.1301178513386279
15734,0.0,0.17695811260821753
15735,0.0,0.030143058531020783
15736,0.0,0.05010439695956516
15737,0.0,0.3484906059961821
15738,0.0,0.11498976299891384
15739,0.0,0.0453403911280583
15740,0.0,0.2632546199591471
15741,0.0,0.062183317099813507
15742,0.0,0.21665717895353692
15743,0.0,0.025430926904095468
15744,0.0,0.024184783149078105
15745,0.0,0.3315021140217592
15746,0.0,0.20112063525880272
15747,0.0,0.13005880349995808
15748,0.0,0.34385235805642017
15749,0.0,0.035143157591932345
15750,0.0,0.08132816047720866
15751,0.0,0.010372296037299914
15752,0.0,0.08782803894231346
15753,0.0,0.12344652100195294
15754,0.0,0.0037456140808569947
15755,0.0,0.014986646725179322
15756,0.0,0.439172186596468
15757,0.0,0.04753588435522113
15758,0.0,0.14845206500360345
15759,0.0,0.04089994828789713
15760,0.0,0.002081587757457966
15761,0.0,0.08822818528196755
15762,0.0,0.008169114145521017
15763,0.0,0.29249098484045133
15764,0.0,0.026079465335168788
15765,0.0,0.05052975056005291
15766,0.0,0.12719245576308516
15767,0.0,0.06942810602841268
15768,0.0,0.05817204544264863
15769,0.0,0.05744759264043249
15770,0.0,0.2201409371752887
15771,0.0,0.11029313007772157
15772,0.0,0.028085952388840096
15773,0.0,0.27873437115570027
15774,0.0,0.1758047961349869
15775,0.0,0.13408622634158315
15776,0.0,0.3471640036373891
15777,0.0,0.014339290177200417
15778,0.0,0.14064334039114407
15779,0.0,0.18595331925088435
15780,0.0,0.03493979806801331
15781,0.0,0.06517048609461805
15782,0.0,0.2928724028480115
15783,0.0,0.022654374589440758
15784,0.0,0.13159000701261817
15785,0.0,0.05219031152546725
15786,0.0,0.18063728476383858
15787,0.0,0.15952864030197095
15788,0.0,0.22392148143981022
15789,1.0,0.7094365341795241
15790,0.0,0.36693956535864913
15791,0.0,0.059756518240620414
15792,0.0,0.13233842021030867
15793,0.0,0.15400225677628426
15794,0.0,0.1822426854076877
15795,0.0,0.28813603523502207
15796,0.0,0.06754479204606591
15797,0.0,0.4013720757490241
15798,0.0,0.07892731820466545
15799,0.0,0.3487357336565729
15800,0.0,0.011677658776976563
15801,0.0,0.05000589603402478
15802,0.0,0.06913811242378334
15803,0.0,0.05321533665146059
15804,0.0,0.09315784648514684
15805,0.0,0.2192530633461729
15806,1.0,0.6516910971963596
15807,0.0,0.15971935836028422
15808,0.0,0.2724833486896973
15809,0.0,0.12206847669292072
15810,0.0,0.08109228545269186
15811,0.0,0.07879450606848921
15812,0.0,0.18772296546145653
15813,0.0,0.16388100042115428
15814,0.0,0.3567195588488842
15815,0.0,0.11994495726593361
15816,0.0,0.20369395390671424
15817,0.0,0.025657493285144918
15818,0.0,0.020396332064292838
15819,0.0,0.3534985909173571
15820,0.0,0.025237619929865274
15821,0.0,0.0048939049640733725
15822,0.0,0.019854275487316792
15823,0.0,0.08299369401752446
15824,0.0,0.005755341164263861
15825,0.0,0.044081864575306086
15826,0.0,0.09255055167076616
15827,0.0,0.105304715549086
15828,0.0,0.3040456836910222
15829,0.0,0.04914967080842702
15830,0.0,0.3110311965384206
15831,0.0,0.04124926424922856
15832,0.0,0.48650924846163246
15833,0.0,0.13291287417272096
15834,0.0,0.40364219709919247
15835,0.0,0.1493774455869397
15836,0.0,0.05185023808986171
15837,0.0,0.2688848818833682
15838,1.0,0.5830075780768764
15839,0.0,0.26479415864470435
15840,0.0,0.04724122511023471
15841,0.0,0.22889705191734508
15842,0.0,0.01951080547033148
15843,0.0,0.10510378851492463
15844,0.0,0.05354779119260154
15845,0.0,0.4568011011016771
15846,0.0,0.18661439151354106
15847,0.0,0.01639969111303047
15848,0.0,0.005863858833533834
15849,0.0,0.009058632756117421
15850,0.0,0.16267077588641304
15851,0.0,0.23830245521497292
15852,0.0,0.1637362914500694
15853,0.0,0.029854508142144583
15854,0.0,0.27099462371961136
15855,0.0,0.0941876278183614
15856,0.0,0.4269686706559077
15857,0.0,0.030449286646473568
15858,0.0,0.3653832915596916
15859,0.0,0.0716846925546595
15860,0.0,0.02717034386819267
15861,0.0,0.013117878402408448
15862,0.0,0.013758238478796226
15863,0.0,0.12616648857171647
15864,0.0,0.10676958458939241
15865,0.0,0.15354262978824987
15866,0.0,0.02620605131627733
15867,0.0,0.013187957509172949
15868,0.0,0.045619082342191405
15869,0.0,0.07898531037904154
15870,0.0,0.17993812402221085
15871,0.0,0.3208624054514785
15872,1.0,0.5089622826370075
15873,0.0,0.42368195699544725
15874,0.0,0.1675254421920959
15875,0.0,0.14024525495435944
15876,0.0,0.04804702993223518
15877,0.0,0.0789710288320756
15878,0.0,0.3296278083597315
15879,0.0,0.219072684601095
15880,0.0,0.08725271842092153
15881,0.0,0.16239169591487604
15882,0.0,0.1446656060482969
15883,0.0,0.30204885737407516
15884,0.0,0.05237874941458838
15885,0.0,0.11994937549083604
15886,0.0,0.13395103461385072
15887,0.0,0.05267589653827194
15888,0.0,0.4295302899180687
15889,1.0,0.5566948345255776
15890,0.0,0.08965655642681347
15891,0.0,0.3036524817856012
15892,0.0,0.09548145067301103
15893,0.0,0.3770462878929253
15894,0.0,0.16199664630779423
15895,0.0,0.14514846891593505
15896,0.0,0.08835381381906016
15897,0.0,0.13739344738482256
15898,1.0,0.7478603411473854
15899,0.0,0.10933078144313171
15900,0.0,0.14999617450306973
15901,0.0,0.13277358471563075
15902,0.0,0.3576720420922716
15903,0.0,0.20401091446438824
15904,0.0,0.04083347542833166
15905,0.0,0.0710002212704769
15906,0.0,0.1590349401999848
15907,0.0,0.16403715912769815
15908,0.0,0.1695031868702459
15909,0.0,0.03904506232452854
15910,0.0,0.03146946078738794
15911,0.0,0.22941022299420313
15912,0.0,0.07662488568435075
15913,0.0,0.017398560215883072
15914,0.0,0.06602209440127509
15915,0.0,0.16037535975587974
15916,0.0,0.015544094129914435
15917,0.0,0.0688554075701707
15918,0.0,0.16831554649425134
15919,1.0,0.5131799474833479
15920,0.0,0.4395772065734874
15921,0.0,0.30377652122708065
15922,0.0,0.13180502694671573
15923,0.0,0.01775153847604467
15924,1.0,0.5928395286209025
15925,0.0,0.09493758050352502
15926,0.0,0.1763046615918898
15927,0.0,0.08879243837752057
15928,0.0,0.49068371449254233
15929,0.0,0.47713201194597754
15930,0.0,0.13395858262433535
15931,0.0,0.06405120293303891
15932,0.0,0.26818557254300857
15933,0.0,0.08858568837474315
15934,0.0,0.27596838842982274
15935,0.0,0.042990405160510156
15936,0.0,0.10578831902651506
15937,1.0,0.5015983502159193
15938,0.0,0.24472046111207568
15939,0.0,0.029273459933984856
15940,0.0,0.34530992596933346
15941,0.0,0.03233894401593078
15942,0.0,0.03592209848492838
15943,0.0,0.04028042822788347
15944,0.0,0.019983692707684315
15945,0.0,0.036388776181077956
15946,0.0,0.12091869557605546
15947,0.0,0.19582256620809638
15948,0.0,0.14590124228928322
15949,0.0,0.14345396586982218
15950,0.0,0.014310606668242725
15951,0.0,0.23320348723650858
15952,0.0,0.12101123590049852
15953,0.0,0.14657952300599747
15954,0.0,0.32105029593734796
15955,0.0,0.16007108100674108
15956,0.0,0.08427560995460835
15957,0.0,0.19054274338291755
15958,0.0,0.06503599271340897
15959,0.0,0.11001864569928325
15960,0.0,0.08316360200389293
15961,0.0,0.14682408718614753
15962,0.0,0.07140827133336451
15963,0.0,0.10012922966252014
15964,0.0,0.046114781414686674
15965,0.0,0.2746059288425576
15966,0.0,0.06130540031306349
15967,0.0,0.011636802003678668
15968,0.0,0.04732534289463445
15969,0.0,0.005533781770894792
15970,0.0,0.3107270633718925
15971,0.0,0.04335576908426607
15972,0.0,0.26297655329770653
15973,0.0,0.146324727023306
15974,0.0,0.1431776831361595
15975,0.0,0.47897060995546525
15976,0.0,0.4247488829479991
15977,0.0,0.10326771632027801
15978,0.0,0.013956304607864812
15979,0.0,0.07411878006274887
15980,0.0,0.0534243532739783
15981,0.0,0.02837022812963867
15982,0.0,0.04315429780052107
15983,0.0,0.05177466422939312
15984,0.0,0.04313031669562879
15985,0.0,0.2036753983695331
15986,0.0,0.31444278614959764
15987,0.0,0.1558903231592925
15988,0.0,0.0935706923757218
15989,0.0,0.03537687993587394
15990,0.0,0.1730114959713655
15991,0.0,0.31813905506423124
15992,0.0,0.15678741432365298
15993,0.0,0.3278349949259284
15994,0.0,0.1800708644552081
15995,0.0,0.07637001571982296
15996,0.0,0.01923003586058601
15997,0.0,0.05972443820125338
15998,0.0,0.18816342263598118
15999,0.0,0.18906009988989653
16000,0.0,0.35444824378057704
16001,0.0,0.14578222477592317
16002,0.0,0.043102533298448084
16003,0.0,0.2516362435423879
16004,0.0,0.2089552939510288
16005,0.0,0.09561834999381671
16006,0.0,0.37275945202304317
16007,1.0,0.6276040475233302
16008,0.0,0.17717508812044627
16009,0.0,0.279505955797688
16010,0.0,0.3931361469527724
16011,0.0,0.037384773197043385
16012,0.0,0.037764998373157034
16013,0.0,0.31038345466954237
16014,0.0,0.4751477667955141
16015,0.0,0.1351807026565767
16016,0.0,0.1424597313327173
16017,0.0,0.07425041227193492
16018,0.0,0.12056386979644493
16019,0.0,0.29384236045344253
16020,0.0,0.06133957363938129
16021,0.0,0.06695321490414616
16022,0.0,0.04866108763704994
16023,0.0,0.29967947422025176
16024,0.0,0.2924910301383485
16025,0.0,0.035959446200910364
16026,0.0,0.127203491709103
16027,1.0,0.5368197209357899
16028,0.0,0.06163876481375372
16029,1.0,0.5396430481672974
16030,0.0,0.07751583109410282
16031,0.0,0.3794700479832816
16032,0.0,0.08317108257329878
16033,0.0,0.02937118761522393
16034,0.0,0.0875082530302904
16035,0.0,0.2854191212077041
16036,0.0,0.05657526331830369
16037,0.0,0.132602324667777
16038,0.0,0.1801270590611619
16039,0.0,0.019990572532798838
16040,1.0,0.6627197956058464
16041,0.0,0.23399162027158765
16042,0.0,0.012596084658086001
16043,0.0,0.3706921220144892
16044,0.0,0.12590926621016924
16045,0.0,0.08455720925859654
16046,0.0,0.03602263187101221
16047,0.0,0.07198934090702636
16048,0.0,0.16531722428927245
16049,0.0,0.16813112041603287
16050,0.0,0.38418696065346947
16051,0.0,0.01464230723608297
16052,0.0,0.10205788436537852
16053,0.0,0.05393467937936018
16054,0.0,0.25490997480707056
16055,0.0,0.362176852272758
16056,0.0,0.03703465936994708
16057,0.0,0.40137071324400597
16058,0.0,0.052905901071454896
16059,0.0,0.28233106794637025
16060,0.0,0.1364334026978688
16061,0.0,0.06246296509789891
16062,0.0,0.04501376030265093
16063,0.0,0.012025378020150353
16064,0.0,0.24586433828372362
16065,0.0,0.0037974144269146367
16066,0.0,0.02663783577121117
16067,0.0,0.4355209043744536
16068,0.0,0.12756255731293767
16069,0.0,0.19483498961710283
16070,0.0,0.2870586110538025
16071,0.0,0.0860019272267922
16072,0.0,0.016791205741266593
16073,0.0,0.0666536817746757
16074,0.0,0.1335580497847776
16075,0.0,0.1417259772986088
16076,0.0,0.3959691395983371
16077,0.0,0.21005851730926756
16078,0.0,0.10242418012234478
16079,0.0,0.09790910716934528
16080,0.0,0.07550185328520714
16081,0.0,0.03456982364588514
16082,0.0,0.07415069552211082
16083,0.0,0.02842988422335157
16084,0.0,0.2645330428852299
16085,0.0,0.060569049987297896
16086,0.0,0.3345523650503881
16087,0.0,0.058043488552196
16088,0.0,0.043463010927299595
16089,0.0,0.2878858179427968
16090,0.0,0.017513641852946817
16091,0.0,0.4199620340785815
16092,0.0,0.1734611768060039
16093,0.0,0.3328852328555641
16094,0.0,0.050773051054467014
16095,0.0,0.19021176876910256
16096,0.0,0.01962854311219479
16097,0.0,0.06344258577253863
16098,0.0,0.2042143293041158
16099,0.0,0.11979588984652759
16100,0.0,0.01692179785766191
16101,0.0,0.29033063571205836
16102,0.0,0.0545149564530786
16103,0.0,0.06938737017491162
16104,0.0,0.41644033722819646
16105,0.0,0.28843345505279133
16106,0.0,0.03205735447916164
16107,0.0,0.05559500998833974
16108,0.0,0.4745249950331754
16109,0.0,0.06529915959071661
16110,0.0,0.34898482612946924
16111,0.0,0.24033327617398337
16112,0.0,0.09209766732159441
16113,0.0,0.08598359750626033
16114,0.0,0.18457483446918754
16115,0.0,0.47871439825486
16116,0.0,0.008194951377757848
16117,1.0,0.5230216744230253
16118,0.0,0.2961266477155883
16119,0.0,0.10673736877678541
16120,0.0,0.17113019148806247
16121,0.0,0.03649159370384483
16122,0.0,0.12853238342913498
16123,0.0,0.173251546252007
16124,0.0,0.03129475622244439
16125,0.0,0.05837796735999192
16126,0.0,0.022598373022711275
16127,0.0,0.17990137874524173
16128,0.0,0.0440878597775515
16129,0.0,0.10727998446179006
16130,0.0,0.4342494956680961
16131,0.0,0.017414087599370097
16132,0.0,0.20668829120482143
16133,0.0,0.09912590985793714
16134,0.0,0.033118651367983684
16135,0.0,0.1047464615249269
16136,0.0,0.07011068871717424
16137,0.0,0.1696072506267701
16138,0.0,0.0114809049471633
16139,0.0,0.011240868001559667
16140,0.0,0.05731324912726883
16141,0.0,0.45765961031189895
16142,0.0,0.49982347326365806
16143,0.0,0.2926795483058022
16144,0.0,0.031569865891823104
16145,0.0,0.432601844429713
16146,0.0,0.08459502922944824
16147,0.0,0.04109822755165149
16148,0.0,0.2804895792085673
16149,0.0,0.09385637877924607
16150,0.0,0.0691577595066941
16151,0.0,0.4765458876383805
16152,0.0,0.3165438994003523
16153,0.0,0.3266497117080032
16154,0.0,0.4102640822845962
16155,0.0,0.01680770387657517
16156,0.0,0.05516755981693291
16157,0.0,0.493959212939233
16158,0.0,0.007282119389032347
16159,0.0,0.1425573673280977
16160,0.0,0.088439638878381
16161,0.0,0.14481951224605397
16162,0.0,0.2652336731989125
16163,0.0,0.0722645144099982
16164,0.0,0.08276011959677013
16165,0.0,0.019628730965711775
16166,0.0,0.06981566375397645
16167,0.0,0.23174178150098693
16168,0.0,0.1526343653016659
16169,0.0,0.02858284019446956
16170,0.0,0.18043978988801895
16171,0.0,0.49090663535089296
16172,0.0,0.11859350120913406
16173,0.0,0.09471969131350721
16174,0.0,0.2768961461400991
16175,0.0,0.24894028464353407
16176,0.0,0.02213768139619145
16177,0.0,0.3791572975424468
16178,0.0,0.3225128913625227
16179,0.0,0.1160058344954763
16180,0.0,0.012357503271627534
16181,0.0,0.479222501820061
16182,0.0,0.05170970516868043
16183,0.0,0.061224500862408195
16184,0.0,0.21142967687918487
16185,0.0,0.06622378060588141
16186,0.0,0.14576705832839193
16187,0.0,0.30612570290981045
16188,0.0,0.47107701447297795
16189,0.0,0.38956987371934326
16190,0.0,0.38735725513591424
16191,0.0,0.041746276061771906
16192,0.0,0.10141713701646075
16193,0.0,0.03376405648027598
16194,0.0,0.055219350043993656
16195,0.0,0.24867774262361758
16196,1.0,0.524274061590948
16197,0.0,0.028400535270304027
16198,0.0,0.054894612262798216
16199,0.0,0.006731047674403359
16200,0.0,0.29887510481147495
16201,0.0,0.026855542459703417
16202,0.0,0.2144832093790722
16203,0.0,0.07388480142850071
16204,0.0,0.26558275843574075
16205,0.0,0.06148907860736306
16206,0.0,0.19458992883726672
16207,0.0,0.2957551938793625
16208,0.0,0.043205457704881045
16209,0.0,0.11316499779116573
16210,0.0,0.19667989595803964
16211,0.0,0.11497300805614179
16212,0.0,0.04135444293347424
16213,0.0,0.24591971867900736
16214,0.0,0.014342091408347584
16215,0.0,0.02867414829832794
16216,0.0,0.03665496510751215
16217,0.0,0.08772855469319572
16218,0.0,0.286839911811798
16219,0.0,0.2551375943757891
16220,0.0,0.08998587875144826
16221,0.0,0.21566383442879378
16222,1.0,0.5161813771479229
16223,0.0,0.08995558780083696
16224,0.0,0.04848648685757762
16225,1.0,0.8897777862949825
16226,0.0,0.3319750607036252
16227,0.0,0.29775455692757047
16228,0.0,0.05930949325952186
16229,0.0,0.045489358552964904
16230,0.0,0.4601067356364722
16231,0.0,0.05833766143535533
16232,0.0,0.024687807279834318
16233,0.0,0.09519628678089861
16234,0.0,0.03630079289695933
16235,0.0,0.020151043337814766
16236,0.0,0.07944810742682705
16237,0.0,0.07732594952478739
16238,0.0,0.27908438797426394
16239,1.0,0.5713771376397349
16240,0.0,0.11070485109656059
16241,0.0,0.07944916243405206
16242,0.0,0.023047637795426658
16243,1.0,0.5492468669806264
16244,0.0,0.0236955532592681
16245,0.0,0.05247204098297266
16246,0.0,0.03609141292509731
16247,0.0,0.16177156284258182
16248,0.0,0.05632911223625666
16249,0.0,0.06459426026636017
16250,0.0,0.027613864573447677
16251,0.0,0.05590008282944302
16252,0.0,0.01059967149830184
16253,0.0,0.44383153862474456
16254,0.0,0.12208105489524461
16255,0.0,0.35941355020968224
16256,0.0,0.07646248747050097
16257,0.0,0.10251996174925807
16258,1.0,0.7250674048356622
16259,0.0,0.015918373495695005
16260,1.0,0.55119945722381
16261,0.0,0.1130690139932046
16262,0.0,0.007054185068730909
16263,0.0,0.3146563121812091
16264,0.0,0.28646186160957704
16265,0.0,0.06517022865365545
16266,0.0,0.036359664134228906
16267,0.0,0.0833739816041344
16268,0.0,0.1698178113719809
16269,0.0,0.008948617433256027
16270,0.0,0.22006824239069006
16271,0.0,0.0694752658397541
16272,0.0,0.038422503814044905
16273,0.0,0.025186637327484978
16274,0.0,0.0024459561225778997
16275,0.0,0.06310920636906206
16276,0.0,0.1286630291706618
16277,0.0,0.04630364413596648
16278,0.0,0.33189717431845833
16279,0.0,0.07377853392627289
16280,0.0,0.1262905440113286
16281,0.0,0.1875622674168288
16282,0.0,0.29565274800723723
16283,0.0,0.03504133434821739
16284,0.0,0.08361278602412833
16285,0.0,0.1300575577378822
16286,0.0,0.015147737392163404
16287,0.0,0.12596133514859947
16288,0.0,0.16859339769447845
16289,0.0,0.33814957227101816
16290,0.0,0.31243341620193765
16291,0.0,0.028786023935742283
16292,0.0,0.4552677551258263
16293,0.0,0.4409496129748517
16294,0.0,0.12056399164334615
16295,0.0,0.021493056022582297
16296,0.0,0.10600655510346124
16297,0.0,0.03945043234933311
16298,0.0,0.08424659495608697
16299,0.0,0.010066945031948858
16300,1.0,0.5062523273467479
16301,1.0,0.5639289485050109
16302,0.0,0.010692844205397022
16303,0.0,0.38463897256550844
16304,0.0,0.11321211817308692
16305,0.0,0.2998331947060258
16306,0.0,0.10103609909748279
16307,0.0,0.06465042634825874
16308,0.0,0.09619005566050383
16309,0.0,0.3993207081697581
16310,0.0,0.027962201208174813
16311,0.0,0.03170085505472355
16312,0.0,0.1696265710571686
16313,0.0,0.029143827774209995
16314,0.0,0.05617258096771921
16315,0.0,0.277928541182314
16316,0.0,0.4148195106603586
16317,0.0,0.028248138509929
16318,1.0,0.534601573668257
16319,0.0,0.38761196489078764
16320,0.0,0.017509590619916696
16321,0.0,0.4822175891587923
16322,0.0,0.09842848706570592
16323,0.0,0.05179635326971928
16324,0.0,0.44769891472940093
16325,0.0,0.027482254000557142
16326,0.0,0.11141819324833091
16327,0.0,0.4345214278066871
16328,0.0,0.017536990859945163
16329,0.0,0.01749598700895524
16330,0.0,0.1628556049378945
16331,0.0,0.35051392787466507
16332,0.0,0.08595260640588478
16333,0.0,0.11693293814445442
16334,0.0,0.048012730137807644
16335,1.0,0.5572023005319443
16336,0.0,0.3090185771733723
16337,0.0,0.2308572379279787
16338,1.0,0.7368238807218372
16339,0.0,0.25008236919625965
16340,0.0,0.13416109742264495
16341,0.0,0.21536628173273886
16342,0.0,0.07133023006348665
16343,0.0,0.10494656802409383
16344,0.0,0.17485186958079899
16345,0.0,0.09859095383183522
16346,0.0,0.291672465369616
16347,0.0,0.006193808925640463
16348,0.0,0.03991666650883178
16349,0.0,0.04069595480880746
16350,0.0,0.013350582667774672
16351,0.0,0.005187254547097414
16352,0.0,0.02415718797254101
16353,0.0,0.09024910897215074
16354,0.0,0.10173273104057412
16355,1.0,0.578169357752466
16356,0.0,0.3539076841889077
16357,0.0,0.12885010258021876
16358,0.0,0.2607968636326152
16359,0.0,0.3109446879185991
16360,0.0,0.335698550177311
16361,0.0,0.4075430473359042
16362,0.0,0.02461945196385127
16363,0.0,0.31007854839294346
16364,0.0,0.2780153344918527
16365,0.0,0.0048605986871181495
16366,0.0,0.06879847059591217
16367,0.0,0.10733806016796041
16368,0.0,0.06722469562285625
16369,0.0,0.33161837887568363
16370,0.0,0.03760752025622289
16371,0.0,0.03394671195269537
16372,0.0,0.40313556535915884
16373,0.0,0.2616660681561993
16374,1.0,0.6394476941940314
16375,0.0,0.031029974559052154
16376,0.0,0.08210923679737811
16377,0.0,0.17087110046309711
16378,0.0,0.011841003512549284
16379,0.0,0.05303497607195895
16380,0.0,0.014813325073879228
16381,0.0,0.2548639817341812
16382,0.0,0.14021355220758908
16383,0.0,0.07380674394776153
16384,0.0,0.22575994358545973
16385,0.0,0.08767280649174028
16386,0.0,0.01358955615939568
16387,0.0,0.007809007871514213
16388,0.0,0.028538940789936917
16389,0.0,0.01777334858983403
16390,0.0,0.2053964459198269
16391,0.0,0.28610813464803486
16392,0.0,0.06951320557722748
16393,0.0,0.30644585887031844
16394,0.0,0.014274319929896287
16395,0.0,0.21869885056273533
16396,0.0,0.018582001026350162
16397,0.0,0.01032374757650446
16398,0.0,0.38870720917479473
16399,0.0,0.1883100860615623
16400,1.0,0.5261310870374069
16401,0.0,0.08638257434322866
16402,0.0,0.058097108437657766
16403,0.0,0.03598001196806387
16404,0.0,0.11729785820423318
16405,0.0,0.024908804063245367
16406,0.0,0.01719192174993296
16407,0.0,0.25455459103633465
16408,0.0,0.036559699286312676
16409,0.0,0.15670902203930714
16410,0.0,0.1438720075583681
16411,0.0,0.060564866927006175
16412,0.0,0.06791093710878651
16413,0.0,0.3095456560042852
16414,0.0,0.027194105391532136
16415,0.0,0.0424529062720475
16416,0.0,0.32579099771006315
16417,0.0,0.028225014323958013
16418,0.0,0.024326676618706744
16419,0.0,0.294757446694082
16420,0.0,0.41800266302095335
16421,0.0,0.057107331156449614
16422,0.0,0.14816389350530046
16423,0.0,0.06254049597272035
16424,1.0,0.533522393667942
16425,0.0,0.03596793562907592
16426,0.0,0.05244555254972668
16427,0.0,0.03754589847679559
16428,0.0,0.008696851621342505
16429,0.0,0.4030599890121895
16430,0.0,0.3511460990381696
16431,0.0,0.3781068018313771
16432,0.0,0.08328861784540739
16433,0.0,0.3116796892105512
16434,0.0,0.1452551046358456
16435,0.0,0.022968375956941907
16436,0.0,0.0027642036811176616
16437,0.0,0.32973997070727457
16438,0.0,0.4251975205759583
16439,0.0,0.030978103495104065
16440,0.0,0.21791185171750635
16441,0.0,0.3583827327207867
16442,0.0,0.20238605536986803
16443,1.0,0.5900376262919733
16444,0.0,0.09459433613003276
16445,0.0,0.3181061312888255
16446,0.0,0.17293236044286048
16447,0.0,0.22260763420924237
16448,0.0,0.021328538587331664
16449,0.0,0.08730732240326666
16450,0.0,0.10097877986564754
16451,0.0,0.03925021025824937
16452,0.0,0.1173057585786885
16453,0.0,0.20393383227530984
16454,0.0,0.040651221722271216
16455,0.0,0.0775198941018426
16456,0.0,0.005029904405995249
16457,0.0,0.3513977909155847
16458,0.0,0.11611553839878194
16459,0.0,0.2811196916156493
16460,1.0,0.8246061056344383
16461,0.0,0.18408363586367613
16462,0.0,0.023438584026464617
16463,0.0,0.37989686398574796
16464,0.0,0.054702920154041844
16465,0.0,0.12389466584731315
16466,0.0,0.4184340898360218
16467,0.0,0.4121066085493319
16468,0.0,0.43685179706191135
16469,0.0,0.035884886302668825
16470,0.0,0.4258924537368129
16471,0.0,0.013262925699543937
16472,0.0,0.28732348127545215
16473,0.0,0.15174965318876726
16474,0.0,0.22045787783464807
16475,0.0,0.05840263602112407
16476,1.0,0.658721975799484
16477,0.0,0.2301960856849603
16478,0.0,0.21289766323919918
16479,0.0,0.08347617904342132
16480,0.0,0.3193498828222866
16481,0.0,0.08831451284661804
16482,0.0,0.10286604993368798
16483,0.0,0.2103992517843413
16484,0.0,0.1955551123400568
16485,0.0,0.010567442172193495
16486,0.0,0.25925066420123305
16487,1.0,0.6512289317822796
16488,0.0,0.01869739132893395
16489,0.0,0.019242220015417512
16490,0.0,0.17392120243865863
16491,0.0,0.022389170185295914
16492,0.0,0.05600110405540466
16493,0.0,0.12571067000781794
16494,0.0,0.21845742495151507
16495,0.0,0.13043063975576277
16496,0.0,0.06686503770776897
16497,0.0,0.02194866601684591
16498,0.0,0.1203714094174494
16499,1.0,0.5275776239598071
16500,0.0,0.01897498956466866
16501,0.0,0.015891480930818498
16502,0.0,0.4561637351093394
16503,0.0,0.16864849412124128
16504,0.0,0.1290295264738798
16505,0.0,0.1596887788945662
16506,0.0,0.1992710262661756
16507,0.0,0.3505239162509509
16508,0.0,0.055547497321345715
16509,0.0,0.082000888254336
16510,0.0,0.005273256935693399
16511,0.0,0.09173410157804023
16512,0.0,0.04288878336077078
16513,0.0,0.08297310815069886
16514,0.0,0.058891019683565006
16515,0.0,0.02729930782017618
16516,0.0,0.2513880718416293
16517,0.0,0.40450123980623615
16518,0.0,0.28695353619657277
16519,0.0,0.26342940783907925
16520,0.0,0.3578626684877206
16521,0.0,0.45020604751015353
16522,0.0,0.1751355131675843
16523,0.0,0.12173652630584726
16524,0.0,0.053377941064858145
16525,0.0,0.29408886129578476
16526,0.0,0.39077999183204465
16527,0.0,0.4526703267749161
16528,0.0,0.39268611178593343
16529,0.0,0.1976945893476042
16530,0.0,0.3161001062322381
16531,0.0,0.040812010984995685
16532,0.0,0.19167565281892665
16533,0.0,0.4356070305510163
16534,0.0,0.10821530896923978
16535,0.0,0.1684873648951025
16536,0.0,0.033664028324528875
16537,1.0,0.5248661317716314
16538,0.0,0.03043077092242207
16539,0.0,0.08036201958745068
16540,0.0,0.09691786216779881
16541,0.0,0.39413226028967085
16542,0.0,0.05241418483973066
16543,0.0,0.0034551490242414945
16544,0.0,0.04605028820662024
16545,0.0,0.07572941112283911
16546,0.0,0.1603083723555503
16547,0.0,0.04404849532210638
16548,0.0,0.340209285026807
16549,0.0,0.3392827505820261
16550,0.0,0.2440780976350168
16551,0.0,0.05677991240585513
16552,0.0,0.30998419591154114
16553,0.0,0.058761546324514566
16554,0.0,0.09473784702369195
16555,0.0,0.36804513796494287
16556,0.0,0.008235568276952425
16557,0.0,0.15447070663495155
16558,0.0,0.21934417558231595
16559,0.0,0.13080276504960256
16560,0.0,0.38580021514665225
16561,0.0,0.10090290769984325
16562,0.0,0.35625378463015367
16563,0.0,0.1440039683305271
16564,0.0,0.18573675278105442
16565,0.0,0.23121147540067688
16566,0.0,0.11852820203948111
16567,0.0,0.062417884178831984
16568,0.0,0.09151388539205209
16569,0.0,0.02887172140396808
16570,0.0,0.19445617579846558
16571,0.0,0.2151765364809788
16572,0.0,0.08860708961044107
16573,0.0,0.10032845352824235
16574,0.0,0.4840959487112409
16575,0.0,0.29376768075071313
16576,0.0,0.4788749046250097
16577,0.0,0.4236388914536614
16578,1.0,0.5784128352173415
16579,1.0,0.7470914479849415
16580,0.0,0.08556382413826247
16581,0.0,0.3363996122624411
16582,0.0,0.15017823624987103
16583,0.0,0.21701108891868248
16584,0.0,0.0032295292754790706
16585,0.0,0.08478606715270628
16586,1.0,0.7875786162196159
16587,0.0,0.0675916594420852
16588,0.0,0.25937401408833666
16589,0.0,0.015785511405983634
16590,0.0,0.14515739236915381
16591,0.0,0.015067930773751797
16592,0.0,0.49078695293167096
16593,0.0,0.3054225754505723
16594,0.0,0.10307729279044645
16595,0.0,0.027095282482602234
16596,0.0,0.28752627726459445
16597,0.0,0.12343604685238536
16598,0.0,0.05757499190351736
16599,0.0,0.23370898949100566
16600,0.0,0.31147543757722534
16601,0.0,0.22859464684832428
16602,0.0,0.025953757196249864
16603,0.0,0.05730437890034468
16604,0.0,0.029407746284281326
16605,0.0,0.3482321997255777
16606,0.0,0.024609916004099678
16607,0.0,0.13189962320138313
16608,0.0,0.019909391275846244
16609,0.0,0.38109228167334874
16610,0.0,0.13158621066421702
16611,0.0,0.3335172494941972
16612,0.0,0.0185104699554262
16613,0.0,0.09044716548825414
16614,1.0,0.5047098399679606
16615,0.0,0.04679713288184319
16616,0.0,0.18884969858431763
16617,0.0,0.12487863430835075
16618,0.0,0.025441014411248863
16619,0.0,0.3686951662050114
16620,0.0,0.171566211376527
16621,0.0,0.30606666769301755
16622,0.0,0.39476935278580993
16623,0.0,0.23791005373141494
16624,0.0,0.07590793530243597
16625,0.0,0.09045134401728325
16626,0.0,0.22100412619204354
16627,0.0,0.47416518115822476
16628,0.0,0.07443653663782014
16629,0.0,0.04513810112838124
16630,0.0,0.24510347573771063
16631,0.0,0.11028963229614101
16632,0.0,0.1974665594376924
16633,0.0,0.3957405160939467
16634,0.0,0.4532712594620033
16635,0.0,0.10961424294272278
16636,0.0,0.11835821142820735
16637,0.0,0.14964273528491814
16638,0.0,0.22794431147730174
16639,0.0,0.07106409859532031
16640,0.0,0.3147394944753124
16641,0.0,0.07473672112882568
16642,0.0,0.06552916120109077
16643,0.0,0.06706477427165944
16644,0.0,0.14494122751830846
16645,0.0,0.054603438923899864
16646,0.0,0.2019675432912716
16647,0.0,0.07926844530948574
16648,0.0,0.15157828543466453
16649,0.0,0.2336633503133969
16650,0.0,0.053993701796128245
16651,0.0,0.004466759810912153
16652,0.0,0.02388649936410503
16653,0.0,0.1296469757944796
16654,0.0,0.1719615661520097
16655,0.0,0.4848134703400522
16656,0.0,0.2356013734632793
16657,0.0,0.11462107185776757
16658,0.0,0.06457060168583248
16659,0.0,0.4582185075948922
16660,0.0,0.07936585403033887
16661,0.0,0.04228273927043817
16662,0.0,0.2223671102989738
16663,0.0,0.09226854584610016
16664,0.0,0.04198700524133084
16665,0.0,0.07741977994948765
16666,1.0,0.5048113006334001
16667,0.0,0.07546297676737283
16668,0.0,0.33740787581666115
16669,0.0,0.23588736806095686
16670,0.0,0.01606063418924569
16671,0.0,0.01948113912618637
16672,0.0,0.1651341990879585
16673,0.0,0.3905259350774831
16674,0.0,0.1261130558946153
16675,0.0,0.0638806400110743
16676,0.0,0.0025152192339644693
16677,0.0,0.27383413836892184
16678,0.0,0.13459294656794524
16679,0.0,0.028466436459669946
16680,0.0,0.04796068258822461
16681,0.0,0.3351619326109485
16682,0.0,0.01508605255503844
16683,0.0,0.4860041934796843
16684,0.0,0.04647682925976073
16685,0.0,0.14896033496628583
16686,0.0,0.07589080703201931
16687,0.0,0.1459839404117445
16688,0.0,0.3807497110050172
16689,0.0,0.45331051465242495
16690,0.0,0.17341864150589142
16691,0.0,0.11648466105067763
16692,0.0,0.05165053903965309
16693,0.0,0.16403844417698382
16694,0.0,0.008081079110865835
16695,0.0,0.04325070627216463
16696,0.0,0.19851105211174191
16697,0.0,0.07256011094138579
16698,0.0,0.13625357408146196
16699,1.0,0.5086964773981395
16700,0.0,0.10430654454857831
16701,0.0,0.034001345259080266
16702,0.0,0.48623546372873944
16703,0.0,0.17959178070981
16704,0.0,0.09893580578935943
16705,0.0,0.1500890890291325
16706,0.0,0.3692368909744208
16707,1.0,0.5470156599959892
16708,0.0,0.32907658951786944
16709,1.0,0.7431185608994122
16710,0.0,0.07646934701822664
16711,0.0,0.11589685075262401
16712,0.0,0.1455631176774836
16713,0.0,0.4577484665310113
16714,0.0,0.010532430433586362
16715,0.0,0.020346963719312338
16716,0.0,0.11346031645287309
16717,0.0,0.3063950009734743
16718,0.0,0.20667040537223733
16719,0.0,0.0682822851112273
16720,0.0,0.05397122349229057
16721,0.0,0.4553324798377972
16722,0.0,0.10422986248394091
16723,0.0,0.15503761561789037
16724,0.0,0.17354324893668788
16725,0.0,0.12922693460230034
16726,0.0,0.32083165205472763
16727,0.0,0.10083453659343011
16728,0.0,0.34463450816201113
16729,0.0,0.2135691919660629
16730,0.0,0.026340259674606688
16731,0.0,0.31168358476865266
16732,0.0,0.39787847126594267
16733,0.0,0.40422980326283336
16734,0.0,0.19588400497483147
16735,0.0,0.013491803162784222
16736,0.0,0.2973232861899868
16737,0.0,0.1208912104804201
16738,0.0,0.3024639919744819
16739,0.0,0.1376129483380238
16740,1.0,0.5285857546308269
16741,0.0,0.34798633798316636
16742,0.0,0.2629147321790991
16743,1.0,0.5201536474691197
16744,0.0,0.10399979346259403
16745,0.0,0.0649259414751223
16746,0.0,0.039494794400943056
16747,0.0,0.06021287957686907
16748,0.0,0.2593796443979705
16749,0.0,0.27306953654676325
16750,0.0,0.08592583471084154
16751,0.0,0.10587596495714183
16752,0.0,0.07111319017762542
16753,0.0,0.07264503333991772
16754,0.0,0.16860769524013758
16755,0.0,0.14715892271341313
16756,0.0,0.47789506245109176
16757,0.0,0.08277699314735994
16758,0.0,0.086705765401546
16759,0.0,0.07172566297369284
16760,0.0,0.10454393976430136
16761,0.0,0.08826548424506767
16762,0.0,0.03079221145889438
16763,0.0,0.0582291978604491
16764,0.0,0.08753724319383796
16765,0.0,0.45049654597869326
16766,0.0,0.062431369204919915
16767,0.0,0.14922869140390677
16768,0.0,0.11006167697616658
16769,0.0,0.02601955516216984
16770,0.0,0.38930674703301604
16771,0.0,0.028985300904908428
16772,0.0,0.22803559960844427
16773,0.0,0.28387918239536797
16774,0.0,0.10215213327410341
16775,0.0,0.11709637654066199
16776,0.0,0.4593738294936225
16777,0.0,0.012598309052676827
16778,0.0,0.32182517447849585
16779,0.0,0.33679925348644923
16780,0.0,0.029909822929239927
16781,0.0,0.008105661268711734
16782,0.0,0.1929639318978255
16783,0.0,0.11942734538312876
16784,0.0,0.2947230981276863
16785,0.0,0.043743064548825275
16786,0.0,0.034071499415889786
16787,0.0,0.015526326528092216
16788,0.0,0.03965533823492566
16789,0.0,0.1581997526278148
16790,0.0,0.03420834200425117
16791,0.0,0.23249457016428
16792,0.0,0.04339158093860749
16793,0.0,0.06938463149825753
16794,1.0,0.5094579262899211
16795,0.0,0.14088953399236598
16796,0.0,0.37432826543811404
16797,0.0,0.31655153004786646
16798,0.0,0.040918900942863455
16799,0.0,0.18730554445770392
16800,0.0,0.233895787334183
16801,0.0,0.3852631681204192
16802,0.0,0.32465459212808495
16803,0.0,0.0774462012899366
16804,0.0,0.07090243675442766
16805,0.0,0.2139673678746427
16806,0.0,0.18290243388401384
16807,1.0,0.5154498670831783
16808,0.0,0.20966437360939416
16809,0.0,0.26189619079089554
16810,0.0,0.023505690675323047
16811,0.0,0.03621607761527864
16812,0.0,0.11338442258354428
16813,0.0,0.43045838776132755
16814,0.0,0.307074717934668
16815,0.0,0.19428231506844076
16816,0.0,0.4145450039204525
16817,0.0,0.4101074074330441
16818,0.0,0.17916952901124372
16819,0.0,0.396933737199672
16820,0.0,0.12123920732295598
16821,0.0,0.018402820481272696
16822,0.0,0.3735542134830278
16823,0.0,0.058938983378867826
16824,0.0,0.010110664161527411
16825,0.0,0.07185925772716911
16826,0.0,0.025191938791329655
16827,0.0,0.15591769268874037
16828,0.0,0.04913129492379627
16829,0.0,0.02225449037589869
16830,0.0,0.07496449814054207
16831,0.0,0.07007644252146653
16832,0.0,0.06577646031882797
16833,0.0,0.25166528202142613
16834,0.0,0.1991187758550643
16835,0.0,0.047190456007944234
16836,0.0,0.028793181377809174
16837,0.0,0.46131487337949356
16838,0.0,0.008013766941148796
16839,0.0,0.06183835775185923
16840,0.0,0.24467508164674268
16841,0.0,0.009465606447738015
16842,0.0,0.27820763456427944
16843,0.0,0.08342154017139367
16844,0.0,0.20848598256997342
16845,0.0,0.0836310099309548
16846,0.0,0.18002148911877627
16847,1.0,0.7177165279030462
16848,0.0,0.2527688853962362
16849,0.0,0.3468407318039507
16850,0.0,0.08181350845293468
16851,0.0,0.08464442506981408
16852,0.0,0.3363822275015159
16853,0.0,0.1613355022654902
16854,0.0,0.10893731576683237
16855,0.0,0.3482837394258128
16856,0.0,0.40367739643531814
16857,0.0,0.04250516839040629
16858,0.0,0.020706365681003893
16859,0.0,0.03174311522205903
16860,0.0,0.2636833168831668
16861,0.0,0.08315652315735234
16862,0.0,0.0639139743813374
16863,1.0,0.55853334932844
16864,0.0,0.03926683067062697
16865,0.0,0.21810581367315657
16866,0.0,0.09928555771595537
16867,0.0,0.4460402596957298
16868,0.0,0.05270924372411934
16869,0.0,0.04499047917355238
16870,0.0,0.10935159238041417
16871,0.0,0.21534342299734913
16872,0.0,0.18176657416900893
16873,0.0,0.05776875381811344
16874,0.0,0.07093427419512115
16875,0.0,0.09885091480991284
16876,0.0,0.3381786504061778
16877,0.0,0.2614948258726625
16878,0.0,0.22026722053320974
16879,0.0,0.046172623493479635
16880,0.0,0.01981975459544836
16881,0.0,0.21896908378869834
16882,0.0,0.3310008361956124
16883,0.0,0.08772398919009736
16884,0.0,0.08639292252425869
16885,1.0,0.5235456313518307
16886,1.0,0.5563979367548589
16887,0.0,0.01574451606203563
16888,0.0,0.3143082813760011
16889,0.0,0.20063788885076397
16890,0.0,0.3833616106029694
16891,0.0,0.07453748605667672
16892,0.0,0.2801754735642179
16893,0.0,0.018558976134204663
16894,0.0,0.10950351900771167
16895,0.0,0.04396553838755744
16896,0.0,0.1745491425209315
16897,0.0,0.14357850821837753
16898,0.0,0.08056335107877341
16899,0.0,0.07553079380386435
16900,0.0,0.11709064149040169
16901,0.0,0.15393520457895407
16902,0.0,0.3698253377342417
16903,0.0,0.05015226117530293
16904,0.0,0.37202296453944583
16905,0.0,0.12566179989015328
16906,0.0,0.03582196785158442
16907,0.0,0.14005789614493233
16908,0.0,0.061033404376049004
16909,0.0,0.25704717429017765
16910,0.0,0.01205399415996526
16911,0.0,0.03404374655001355
16912,0.0,0.08362412677778903
16913,0.0,0.4164019082581201
16914,0.0,0.04173288798562173
16915,0.0,0.33820665949445006
16916,0.0,0.18988150313233207
16917,0.0,0.04760214266017843
16918,0.0,0.10609163048467943
16919,0.0,0.023501388344539652
16920,0.0,0.3490563332950821
16921,0.0,0.011733461991991722
16922,0.0,0.2693951224826369
16923,0.0,0.044153491942642134
16924,0.0,0.030371440296635376
16925,0.0,0.4704175280597143
16926,0.0,0.09816350151549307
16927,0.0,0.20033371625131702
16928,0.0,0.02369264699464785
16929,0.0,0.013136269950304624
16930,0.0,0.08826806690654856
16931,0.0,0.06510653674609031
16932,0.0,0.4237482767415641
16933,0.0,0.018380609666711258
16934,0.0,0.2535347365557347
16935,0.0,0.018883000172644757
16936,0.0,0.08179739981804884
16937,0.0,0.00792352816427278
16938,0.0,0.18754091781520496
16939,0.0,0.25709101772095366
16940,0.0,0.1251986826059766
16941,0.0,0.03129508655933981
16942,1.0,0.5873675420946624
16943,0.0,0.04780655805016605
16944,0.0,0.1270872902352312
16945,0.0,0.09240060136140389
16946,0.0,0.026136664977021502
16947,0.0,0.06706452636310192
16948,0.0,0.06279032741020442
16949,0.0,0.35453911516730585
16950,0.0,0.4061792049834206
16951,1.0,0.5628279194212458
16952,0.0,0.00654970405526851
16953,0.0,0.06293873391105426
16954,0.0,0.05511711350008448
16955,0.0,0.06470570525034679
16956,0.0,0.32247074422622235
16957,0.0,0.04731078627070769
16958,1.0,0.5472381194135992
16959,0.0,0.37510116398106025
16960,0.0,0.3229075050104562
16961,0.0,0.1696995433462009
16962,0.0,0.15776417404984167
16963,0.0,0.3495758752509909
16964,0.0,0.0366982082151089
16965,1.0,0.6615382964720977
16966,0.0,0.06658078201186646
16967,0.0,0.01858170922905677
16968,0.0,0.05265954639016999
16969,0.0,0.158192380132757
16970,0.0,0.1730438168600091
16971,0.0,0.019727228782620676
16972,0.0,0.16309307349660834
16973,0.0,0.046332284797060884
16974,0.0,0.04074504590811302
16975,0.0,0.32946424494097404
16976,0.0,0.10109665802570326
16977,0.0,0.32612296842924166
16978,0.0,0.025936039786304
16979,0.0,0.26227362810765703
16980,0.0,0.16244347588640407
16981,0.0,0.07552411245852783
16982,0.0,0.04292703983566723
16983,0.0,0.04418260194041581
16984,0.0,0.24684338265168834
16985,0.0,0.03621616733755562
16986,0.0,0.1701069384052394
16987,0.0,0.06890674311157362
16988,0.0,0.252080439893022
16989,0.0,0.08883091751870398
16990,0.0,0.3377568026718233
16991,0.0,0.0654907177133046
16992,0.0,0.1338340116969366
16993,0.0,0.2170440676896903
16994,0.0,0.23434918364165053
16995,0.0,0.0037158382621301222
16996,0.0,0.09384592603070083
16997,0.0,0.024752949185775912
16998,0.0,0.1560492032730203
16999,0.0,0.30661225444997864
17000,0.0,0.033203346528139076
17001,0.0,0.07362493220126483
17002,0.0,0.051888281401189194
17003,0.0,0.13256649848731528
17004,0.0,0.02825597451691573
17005,0.0,0.0719350346085776
17006,0.0,0.09185368040354178
17007,1.0,0.6928742410433978
17008,0.0,0.11311811375959539
17009,0.0,0.36055157039969565
17010,0.0,0.4012188953074701
17011,0.0,0.039172550749836325
17012,0.0,0.29732847015554487
17013,0.0,0.3436850407697788
17014,0.0,0.20724358149330122
17015,0.0,0.3013705233659453
17016,0.0,0.07382259880534613
17017,0.0,0.09138018292481184
17018,0.0,0.03285532555343955
17019,0.0,0.4899683395908111
17020,0.0,0.016471470974762013
17021,1.0,0.5804269786440795
17022,0.0,0.1827348463703194
17023,0.0,0.09451866491347426
17024,0.0,0.12603505426285633
17025,0.0,0.20830686788734804
17026,0.0,0.11771872562452394
17027,1.0,0.6330033044183903
17028,0.0,0.02850502449288475
17029,0.0,0.012331579096821185
17030,1.0,0.5408050141504662
17031,1.0,0.6179982642155833
17032,0.0,0.14969146473920694
17033,0.0,0.028447808156146955
17034,0.0,0.1393729724058397
17035,0.0,0.019397916579386287
17036,0.0,0.041794403642752595
17037,0.0,0.24184930595507237
17038,0.0,0.1125894472064278
17039,0.0,0.31425920597180856
17040,0.0,0.33227647545748196
17041,0.0,0.08255012039289077
17042,0.0,0.3031051537067594
17043,0.0,0.08773610738327356
17044,0.0,0.007132583457475974
17045,0.0,0.06602470600021158
17046,0.0,0.1292389179092581
17047,0.0,0.014330858294381108
17048,0.0,0.18447457062247613
17049,0.0,0.46452818842157323
17050,0.0,0.11659701124277304
17051,1.0,0.6594973335774873
17052,0.0,0.010070513372825194
17053,0.0,0.2627033740322365
17054,0.0,0.2755845643910547
17055,0.0,0.1702319746877085
17056,0.0,0.024524944758145754
17057,0.0,0.026944500934211347
17058,1.0,0.5073586881334273
17059,0.0,0.021252425075286664
17060,0.0,0.06805457392211298
17061,0.0,0.28533194725451044
17062,0.0,0.2782462034887234
17063,0.0,0.4536308376046302
17064,0.0,0.0982327005925142
17065,0.0,0.08519134099113118
17066,0.0,0.07148719517730406
17067,0.0,0.12485962413063649
17068,0.0,0.04150198072119378
17069,0.0,0.3728293853141918
17070,0.0,0.2754898500246281
17071,0.0,0.00553404575339841
17072,0.0,0.034971797459270114
17073,0.0,0.06835477895256606
17074,0.0,0.37416678699141553
17075,0.0,0.2095760159088754
17076,0.0,0.08414360801595822
17077,0.0,0.236627341666162
17078,0.0,0.0412451403328832
17079,0.0,0.09815094201949019
17080,0.0,0.24776884990753728
17081,0.0,0.18530885485792742
17082,0.0,0.2983014345765186
17083,0.0,0.26027708864574706
17084,0.0,0.010969300380483667
17085,0.0,0.17123051346933685
17086,0.0,0.05279936289158099
17087,0.0,0.35270664911038807
17088,0.0,0.06951270960911222
17089,0.0,0.11526977055047682
17090,0.0,0.0105620543736473
17091,0.0,0.06452880411680989
17092,0.0,0.09759906306284742
17093,0.0,0.1540013338239902
17094,0.0,0.07916070597919268
17095,0.0,0.13883641497047203
17096,0.0,0.0796598782069447
17097,0.0,0.24857026479325448
17098,0.0,0.03977984422822676
17099,0.0,0.022694747951153248
17100,0.0,0.00805220392731693
17101,0.0,0.11595243760556248
17102,0.0,0.42349433108894957
17103,0.0,0.2010600594385546
17104,0.0,0.05328341745665603
17105,0.0,0.1746330971863094
17106,0.0,0.06033100705375992
17107,0.0,0.0995567066066409
17108,0.0,0.14513511676026916
17109,0.0,0.34865335023146465
17110,0.0,0.10307534370957305
17111,0.0,0.1901430836699078
17112,0.0,0.3814847211946555
17113,0.0,0.054860479189322554
17114,0.0,0.044721521912620216
17115,0.0,0.031676443101148574
17116,0.0,0.019573489508309273
17117,0.0,0.07991372675257302
17118,0.0,0.3561414332009069
17119,0.0,0.27050515263022773
17120,0.0,0.2193550534972136
17121,0.0,0.3974015253745133
17122,0.0,0.39893632633085097
17123,0.0,0.21217214072222576
17124,0.0,0.1031592888725956
17125,0.0,0.10280679039725042
17126,0.0,0.25743237156018167
17127,0.0,0.2736687290011609
17128,0.0,0.24002589382843703
17129,0.0,0.05521238774112018
17130,0.0,0.15811346545019617
17131,0.0,0.0437987995939338
17132,0.0,0.10550252530164446
17133,0.0,0.07711885784786746
17134,0.0,0.43645138392834343
17135,0.0,0.4007867325620431
17136,0.0,0.03667841004128488
17137,0.0,0.01497872635648731
17138,0.0,0.10271143730103363
17139,0.0,0.029142752933501638
17140,0.0,0.04991682377117983
17141,0.0,0.27197423705839696
17142,0.0,0.010417495379943026
17143,0.0,0.032687041672719394
17144,0.0,0.05402185073264185
17145,0.0,0.017545030123902475
17146,0.0,0.19682449930605578
17147,0.0,0.05504021047913917
17148,0.0,0.3360670406327969
17149,0.0,0.004758173813355917
17150,0.0,0.4638232570632012
17151,0.0,0.04163241124641959
17152,0.0,0.0207635768551764
17153,0.0,0.28278408276608014
17154,1.0,0.5067721554089949
17155,0.0,0.04880776066184266
17156,0.0,0.15232435178875453
17157,0.0,0.2903983470010977
17158,1.0,0.7304093921285097
17159,0.0,0.24237167358697684
17160,0.0,0.10062660954092909
17161,0.0,0.17663761630362132
17162,1.0,0.5406578020048525
17163,0.0,0.32461173158958817
17164,0.0,0.09045437431858819
17165,0.0,0.20829373643339047
17166,0.0,0.08495580384244819
17167,0.0,0.0654084700425173
17168,0.0,0.42749752145541214
17169,0.0,0.019723029918556317
17170,0.0,0.13547188888753828
17171,0.0,0.18822957764007503
17172,0.0,0.3233430070404816
17173,0.0,0.14554431199937484
17174,0.0,0.06756441595930635
17175,0.0,0.09757709798883024
17176,0.0,0.15510024676592327
17177,0.0,0.07633013080580554
17178,0.0,0.028313387042157866
17179,0.0,0.008469753489822138
17180,0.0,0.1768865413691304
17181,0.0,0.20606333088809264
17182,0.0,0.041814257065472135
17183,0.0,0.10423733783397574
17184,0.0,0.32682222208353834
17185,0.0,0.07001184822641557
17186,0.0,0.07215592478455234
17187,1.0,0.5896709114334975
17188,0.0,0.4559237374622821
17189,0.0,0.12998375046590993
17190,0.0,0.4129507783919023
17191,0.0,0.11249536752946235
17192,0.0,0.06933531688016942
17193,0.0,0.07342898507715978
17194,0.0,0.1175991641451108
17195,0.0,0.03913368592324436
17196,0.0,0.07776414812462679
17197,1.0,0.7645345085666421
17198,0.0,0.04523360471482717
17199,0.0,0.28210792282460295
17200,0.0,0.024837758156588025
17201,0.0,0.12599632037182107
17202,0.0,0.19966409582577938
17203,1.0,0.5283130842463135
17204,0.0,0.18836717708046877
17205,0.0,0.255497149864274
17206,0.0,0.12938466597878573
17207,0.0,0.004058829250105818
17208,0.0,0.025698132767519127
17209,0.0,0.03993813785228832
17210,0.0,0.08062167112860283
17211,1.0,0.8142690852268825
17212,0.0,0.28904318280015157
17213,0.0,0.09122318637942119
17214,0.0,0.21296103549884013
17215,0.0,0.13474517839256583
17216,0.0,0.02863991760399932
17217,0.0,0.10521920257020763
17218,0.0,0.16842671869753967
17219,0.0,0.1760344709235012
17220,0.0,0.0840304855237003
17221,0.0,0.011666464155502185
17222,0.0,0.08596406834620755
17223,0.0,0.03524277557147852
17224,0.0,0.14876612367771386
17225,0.0,0.10634723572241551
17226,1.0,0.5834063282299026
17227,0.0,0.4489440501074536
17228,0.0,0.18534234217764622
17229,0.0,0.08136656535890943
17230,1.0,0.6189840014528035
17231,0.0,0.15135887847225557
17232,0.0,0.2739316118822893
17233,0.0,0.027752112074586065
17234,0.0,0.04810599260060769
17235,0.0,0.07290315972470837
17236,0.0,0.3215485435709839
17237,0.0,0.024537601219133887
17238,0.0,0.10303523393518028
17239,0.0,0.05322880506840755
17240,0.0,0.037886695695350026
17241,0.0,0.27750167005406756
17242,0.0,0.10100249197149902
17243,0.0,0.011784134325844431
17244,0.0,0.012714301542382529
17245,0.0,0.23834520861323943
17246,0.0,0.060961045783967785
17247,0.0,0.1537160788710757
17248,0.0,0.0858452960966006
17249,0.0,0.14330551921095835
17250,0.0,0.37716898016788575
17251,0.0,0.1601156231602639
17252,0.0,0.32747851872062456
17253,0.0,0.335814971721203
17254,0.0,0.3726921654351411
17255,0.0,0.11420934750280058
17256,0.0,0.11396970644961471
17257,0.0,0.045407566444144405
17258,0.0,0.052855699876881324
17259,0.0,0.09824431110365175
17260,0.0,0.0784976014376361
17261,0.0,0.09238769559332757
17262,0.0,0.025248483582378904
17263,0.0,0.19747552416984387
17264,0.0,0.19287465555600655
17265,0.0,0.08315438561596336
17266,0.0,0.021134157477770837
17267,0.0,0.37740332864640563
17268,0.0,0.10603581461322138
17269,0.0,0.05916155976075292
17270,0.0,0.38615557563592146
17271,0.0,0.070937358606717
17272,0.0,0.09931273700370333
17273,0.0,0.33426480999823155
17274,0.0,0.01234165736421827
17275,0.0,0.27497087545234844
17276,0.0,0.026844665953291397
17277,0.0,0.05104549381600636
17278,0.0,0.20727979204963165
17279,0.0,0.26803714570266785
17280,0.0,0.021661779725811882
17281,0.0,0.07522168428737928
17282,0.0,0.16836181734907388
17283,0.0,0.28760733517873716
17284,0.0,0.23693684948727137
17285,0.0,0.012771232105947678
17286,0.0,0.0424100730899041
17287,0.0,0.06622689355897525
17288,0.0,0.04106196082298839
17289,0.0,0.42329612696266655
17290,1.0,0.5349979484812949
17291,0.0,0.10905824234956456
17292,1.0,0.5741523464487077
17293,0.0,0.21396921735596636
17294,0.0,0.12189537600269854
17295,0.0,0.10217012745299688
17296,0.0,0.0842783686901453
17297,0.0,0.48197965257510145
17298,0.0,0.00594071932228582
17299,0.0,0.40076679722525166
17300,0.0,0.3967611528772555
17301,0.0,0.02236573560977239
17302,0.0,0.03534782173395261
17303,0.0,0.47044010537710934
17304,0.0,0.04386454249824625
17305,0.0,0.055547195221530433
17306,0.0,0.03171175807254453
17307,0.0,0.2671470960193053
17308,1.0,0.5804169091035851
17309,0.0,0.039010692085854275
17310,0.0,0.1383000399223933
17311,0.0,0.06475107343081758
17312,0.0,0.07953496944607472
17313,0.0,0.08163145072652608
17314,0.0,0.13967933330396456
17315,0.0,0.07059163447454238
17316,0.0,0.4016065289614776
17317,0.0,0.12488173516322203
17318,0.0,0.2814637528780502
17319,0.0,0.04428523788058002
17320,0.0,0.30623781540104866
17321,0.0,0.09785743681034167
17322,1.0,0.5864629269482025
17323,0.0,0.1062293436782086
17324,0.0,0.0034142265558767234
17325,0.0,0.05867260897109942
17326,0.0,0.057947541902804364
17327,0.0,0.3908373422740782
17328,0.0,0.06446527271121909
17329,0.0,0.2592735254873441
17330,0.0,0.080934055400419
17331,0.0,0.004837355196387396
17332,0.0,0.4444809378145817
17333,0.0,0.4791070740975326
17334,0.0,0.006872803530273361
17335,0.0,0.33634414980975297
17336,0.0,0.09888081914956295
17337,0.0,0.49304292014029727
17338,0.0,0.3013895293017834
17339,0.0,0.035045245899179865
17340,0.0,0.043638987356656014
17341,0.0,0.05472386073533362
17342,0.0,0.03524033611163671
17343,0.0,0.29894098847849754
17344,0.0,0.0858878997533307
17345,0.0,0.06718872018390162
17346,0.0,0.11960257437447272
17347,0.0,0.15168183654883524
17348,0.0,0.43749080326530965
17349,0.0,0.1454686894645775
17350,0.0,0.0889807329966523
17351,0.0,0.13931681996894033
17352,0.0,0.2500660958176258
17353,0.0,0.3130662452993836
17354,0.0,0.47697277293892676
17355,0.0,0.046486577480089886
17356,0.0,0.022004115329025735
17357,0.0,0.28700130637545873
17358,0.0,0.2304251282458182
17359,0.0,0.08197410903665277
17360,0.0,0.31864852615416445
17361,0.0,0.05293674105841554
17362,0.0,0.06265110312247459
17363,0.0,0.23571323232458571
17364,0.0,0.37918497363312004
17365,0.0,0.020995842961240428
17366,0.0,0.15771671007269164
17367,0.0,0.10597728266505943
17368,0.0,0.2617928827187581
17369,0.0,0.21506435779820737
17370,0.0,0.02964479430614885
17371,0.0,0.14794499965105473
17372,0.0,0.10623137752112506
17373,0.0,0.018947415586768608
17374,0.0,0.2366467536187317
17375,0.0,0.23704355425169044
17376,1.0,0.6317187967049751
17377,0.0,0.19777056906404253
17378,0.0,0.08276215569930997
17379,0.0,0.07620083429089045
17380,0.0,0.013763852205078525
17381,0.0,0.006997015215369891
17382,0.0,0.042028612797913326
17383,0.0,0.4816946161000293
17384,0.0,0.03417406159127066
17385,0.0,0.022986688792212516
17386,0.0,0.04455637159425172
17387,0.0,0.1689684131285464
17388,0.0,0.25266130460981523
17389,0.0,0.05058972982542763
17390,0.0,0.22490577826895217
17391,0.0,0.008835993302454378
17392,0.0,0.31303181131305646
17393,1.0,0.5473259859088202
17394,0.0,0.47656479744221886
17395,0.0,0.030639111946985726
17396,0.0,0.07252970588313304
17397,0.0,0.05375693150526846
17398,0.0,0.037601103500069274
17399,0.0,0.216758975038986
17400,0.0,0.18621425115125315
17401,0.0,0.1056902114705253
17402,0.0,0.48491002551518714
17403,0.0,0.1661552011705551
17404,0.0,0.41998865143978803
17405,0.0,0.07218277656800845
17406,0.0,0.0599083973453435
17407,0.0,0.3886767016372962
17408,0.0,0.0247587599272193
17409,0.0,0.04594623287492767
17410,1.0,0.5292960030658536
17411,0.0,0.15633178427436006
17412,0.0,0.10681383360632743
17413,0.0,0.011607707685267055
17414,0.0,0.32318507717314243
17415,0.0,0.24877556518678667
17416,0.0,0.26455810822722503
17417,0.0,0.007184822396342196
17418,0.0,0.03765138372811587
17419,0.0,0.00951595978950905
17420,0.0,0.13798365267210172
17421,0.0,0.014009258649333453
17422,1.0,0.5740892657649299
17423,0.0,0.14428421731688443
17424,0.0,0.0025581063162515606
17425,0.0,0.2881288882900701
17426,0.0,0.08759370285747846
17427,0.0,0.06887210915187048
17428,0.0,0.06594764770000497
17429,0.0,0.1289124530272817
17430,0.0,0.09433629945814603
17431,0.0,0.49715629118929244
17432,0.0,0.032685895859206
17433,0.0,0.25705215175103757
17434,0.0,0.49724073378280587
17435,0.0,0.22864870909309695
17436,0.0,0.05118733955907594
17437,0.0,0.05651762316791233
17438,0.0,0.022273355783317114
17439,0.0,0.07045924475686535
17440,0.0,0.46929640281984086
17441,0.0,0.02918975655836036
17442,0.0,0.19727269771743558
17443,0.0,0.061363249889727224
17444,0.0,0.35901059270098334
17445,0.0,0.04826213294075564
17446,0.0,0.10393375896066175
17447,0.0,0.44117144442833645
17448,0.0,0.009099232656958103
17449,0.0,0.06456165234600111
17450,0.0,0.12801031385940542
17451,0.0,0.07531643307784722
17452,0.0,0.17233697809377307
17453,0.0,0.025933095078059083
17454,0.0,0.14869839474834196
17455,0.0,0.07942885133969826
17456,0.0,0.11905444324427224
17457,0.0,0.37701688591343724
17458,0.0,0.2560221361602743
17459,0.0,0.10354240578920486
17460,0.0,0.34657144465228307
17461,0.0,0.3938186915037701
17462,0.0,0.10666936830261756
17463,0.0,0.2978842798242658
17464,0.0,0.012021070471824076
17465,0.0,0.04373723237344373
17466,0.0,0.027245901813430146
17467,0.0,0.026484850142728406
17468,0.0,0.028575395313764018
17469,0.0,0.29342391708284654
17470,0.0,0.013872589474618436
17471,0.0,0.1396179991957553
17472,0.0,0.043799045545748705
17473,0.0,0.020146497945293308
17474,0.0,0.04303628837352157
17475,0.0,0.10325242808783586
17476,0.0,0.02790581480571298
17477,0.0,0.11137593305989771
17478,0.0,0.060461499055248114
17479,0.0,0.28139028316987796
17480,1.0,0.5030394014324056
17481,0.0,0.048222655543458955
17482,0.0,0.1489956036088827
17483,0.0,0.052669614635010575
17484,0.0,0.05227236725295126
17485,0.0,0.16195632413183414
17486,0.0,0.2902700232802652
17487,0.0,0.12771879896944113
17488,0.0,0.4359978765753736
17489,0.0,0.06828374144552743
17490,0.0,0.11328665238588465
17491,0.0,0.0735548805171309
17492,0.0,0.06929627975428132
17493,0.0,0.10703896003941629
17494,0.0,0.08639666303920196
17495,0.0,0.46990599734125754
17496,0.0,0.12823376019018526
17497,0.0,0.05036837675177548
17498,0.0,0.4071641403945585
17499,0.0,0.09613699286531999
17500,0.0,0.08231723444200725
17501,0.0,0.009048381663829007
17502,1.0,0.630974188012092
17503,0.0,0.45859187249802724
17504,0.0,0.06457767325511912
17505,0.0,0.08116657685087666
17506,0.0,0.4020965817604211
17507,0.0,0.009524776398143125
17508,0.0,0.17919733710452307
17509,0.0,0.03144862887336623
17510,0.0,0.29956749559619056
17511,0.0,0.13812197329114642
17512,0.0,0.3418886992975525
17513,0.0,0.005274778560267425
17514,1.0,0.5636554609210722
17515,0.0,0.07446405739965183
17516,0.0,0.17946992011110938
17517,1.0,0.7660734559343567
17518,0.0,0.454402103380691
17519,0.0,0.3410754612510839
17520,0.0,0.11897643887588905
17521,0.0,0.059940838428968655
17522,0.0,0.15516898959430284
17523,0.0,0.1791036362414836
17524,0.0,0.2746698362262102
17525,0.0,0.02111613263812761
17526,0.0,0.15414168432797343
17527,0.0,0.047657685965921695
17528,0.0,0.015349774619337574
17529,0.0,0.2106975712629641
17530,1.0,0.5161458210025371
17531,0.0,0.2123486246491272
17532,0.0,0.2838370996081183
17533,1.0,0.5247149568688878
17534,0.0,0.2954033432260854
17535,0.0,0.13319348990738472
17536,0.0,0.46543170755846563
17537,0.0,0.24637615449064784
17538,0.0,0.22299026057474772
17539,0.0,0.29535286597029503
17540,0.0,0.03267636237473075
17541,0.0,0.2141983441585494
17542,0.0,0.017996231557745497
17543,0.0,0.047026144800520406
17544,1.0,0.5013863666570402
17545,0.0,0.12045977703595985
17546,1.0,0.6055410006284507
17547,0.0,0.15573613128516434
17548,0.0,0.19456042142529673
17549,0.0,0.42264124423565513
17550,0.0,0.34561289651265825
17551,0.0,0.22250811941413612
17552,0.0,0.21324718407278062
17553,0.0,0.06720688576179776
17554,0.0,0.07067376881020537
17555,0.0,0.006867821747317773
17556,0.0,0.08544759217064302
17557,0.0,0.10045008688442089
17558,0.0,0.03739924541711606
17559,0.0,0.08925942550881004
17560,0.0,0.028121088637221747
17561,0.0,0.2857342884650268
17562,0.0,0.2669044969702977
17563,0.0,0.289099284553399
17564,0.0,0.23013700241260254
17565,0.0,0.23245871953522088
17566,0.0,0.13017522436737677
17567,1.0,0.6245343387429444
17568,0.0,0.04887534768174952
17569,0.0,0.24825891004059758
17570,0.0,0.04721279990720047
17571,0.0,0.1523493326927275
17572,0.0,0.015453932057086195
17573,0.0,0.05225890861759648
17574,0.0,0.19087248086749653
17575,0.0,0.10515179478966448
17576,0.0,0.003637820050213357
17577,0.0,0.2949190789122926
17578,0.0,0.12434944364139985
17579,0.0,0.07923493972887166
17580,0.0,0.1788967206682766
17581,0.0,0.09452541874300709
17582,0.0,0.01024022274748846
17583,0.0,0.03274392784874616
17584,0.0,0.030051977747843267
17585,0.0,0.39826591504233444
17586,0.0,0.053695216922714395
17587,0.0,0.4465684206926842
17588,0.0,0.4333819161939359
17589,0.0,0.006616841950143582
17590,0.0,0.08691112797353735
17591,0.0,0.17320836566071102
17592,0.0,0.3722623027438144
17593,0.0,0.032004638062299764
17594,0.0,0.1562195194689466
17595,1.0,0.5783546292047002
17596,0.0,0.09487845901610366
17597,0.0,0.0326822718959387
17598,0.0,0.043188023887846844
17599,0.0,0.008136499195739843
17600,0.0,0.14430790160810109
17601,0.0,0.05584466559437971
17602,0.0,0.2696863908132944
17603,0.0,0.29541074696591624
17604,0.0,0.18669981609909886
17605,0.0,0.10350936000499109
17606,0.0,0.011078658953640592
17607,0.0,0.07248536684516702
17608,0.0,0.01236035354224742
17609,0.0,0.05854549329582313
17610,0.0,0.03205451420363605
17611,0.0,0.09662577930214149
17612,0.0,0.07080988071093937
17613,0.0,0.3485117884141206
17614,0.0,0.1306674624719543
17615,0.0,0.015947533433668264
17616,0.0,0.20086078153814765
17617,0.0,0.14324746550272047
17618,1.0,0.5475149746508764
17619,0.0,0.029945273729714512
17620,0.0,0.08627965354226776
17621,0.0,0.10048188355001197
17622,0.0,0.02142813844772909
17623,0.0,0.016816038778137993
17624,0.0,0.253325477547314
17625,0.0,0.04083969538070507
17626,0.0,0.1475752141062381
17627,0.0,0.05162173745759256
17628,0.0,0.23274777660061297
17629,0.0,0.025656652459004486
17630,0.0,0.1260746801212542
17631,0.0,0.0764970542335407
17632,0.0,0.01856919889754925
17633,0.0,0.36975565901100926
17634,0.0,0.38615210644448233
17635,0.0,0.03125609099284322
17636,0.0,0.06208426261938723
17637,0.0,0.051207406384914264
17638,0.0,0.08922771432108209
17639,0.0,0.03286813498355008
17640,0.0,0.2884674729406503
17641,0.0,0.23160816605241985
17642,0.0,0.4851502236022932
17643,0.0,0.21613985112014525
17644,0.0,0.2890134531260205
17645,0.0,0.045222698565545144
17646,0.0,0.1879824109126628
17647,0.0,0.44645263857378054
17648,0.0,0.0533971083151627
17649,0.0,0.04774931453973734
17650,0.0,0.046580952884985684
17651,0.0,0.03734650374826519
17652,0.0,0.3270436497827615
17653,0.0,0.3148810069316793
17654,0.0,0.017490844586884633
17655,0.0,0.12471406049299912
17656,0.0,0.2685982416794386
17657,0.0,0.24220409152676542
17658,0.0,0.31074020894080545
17659,1.0,0.6088959315571324
17660,0.0,0.11687145577706762
17661,1.0,0.5439186970218552
17662,0.0,0.1704214599511214
17663,0.0,0.3850275029651919
17664,0.0,0.011164270035508649
17665,0.0,0.12607587907435872
17666,0.0,0.03620855421878546
17667,0.0,0.07991764106189225
17668,1.0,0.502059644333291
17669,0.0,0.015377016056467805
17670,0.0,0.24324793717246468
17671,0.0,0.09295773874497519
17672,0.0,0.09883110001160808
17673,0.0,0.018810104121169124
17674,0.0,0.013977046860435768
17675,0.0,0.3797314875779346
17676,0.0,0.07036674305065538
17677,0.0,0.0615276752618894
17678,0.0,0.10184074659065649
17679,0.0,0.19322628565998018
17680,0.0,0.0027753859113625644
17681,0.0,0.1408294734561179
17682,0.0,0.02393234881922691
17683,0.0,0.23451349965140889
17684,0.0,0.08508025961620055
17685,0.0,0.048349422432662714
17686,0.0,0.05369757072901783
17687,0.0,0.24074357335590385
17688,0.0,0.16951831752852733
17689,0.0,0.47274470400625257
17690,0.0,0.05205364837196359
17691,0.0,0.1688175014993869
17692,0.0,0.0020121302100676677
17693,0.0,0.03399089307049841
17694,0.0,0.1293939285915264
17695,0.0,0.0202056739071101
17696,0.0,0.24000527689995263
17697,0.0,0.02571262980678446
17698,0.0,0.12510156312980697
17699,1.0,0.5191292221949382
17700,0.0,0.2893602728518763
17701,0.0,0.05637422781697243
17702,0.0,0.260558924402959
17703,0.0,0.39046198459021564
17704,0.0,0.029733554947613337
17705,1.0,0.5727161997237077
17706,1.0,0.5405521573068912
17707,0.0,0.3776679120331029
